<?xml version="1.0" encoding="ISO-8859-1"?>
<metadata>
	<idinfo>
		<citation>
			<citeinfo>
				<origin>FLORIDA DEPARTMENT OF ENVIRONMENTAL PROTECTION</origin>
				<pubdate>1998</pubdate>
				<title>DRAINAGE BASINS</title>
				<geoform>shapefile</geoform>
				<onlink>http://www.dep.state.fl.us</onlink>
				<ftname Sync="TRUE">basins01</ftname></citeinfo>
		</citation>
		<descript>
			<abstract>
This dataset contains drainage basins as determined by the Florida
Department of Environmental Protection (FDEP).
</abstract>
			<purpose>To determine the various drainage basins for the state of Florida</purpose>
			<langdata Sync="TRUE">en</langdata></descript>
		<timeperd>
			<timeinfo>
				<rngdates>
					<begdate>1997</begdate>
					<enddate>1998</enddate>
				</rngdates>
			</timeinfo>
			<current>ground condition</current>
		</timeperd>
		<status>
			<progress>Complete</progress>
			<update>Irregular</update>
		</status>
		<spdom>
			<bounding>
				<westbc Sync="TRUE">-80.896783</westbc>
				<eastbc Sync="TRUE">-79.992352</eastbc>
				<northbc Sync="TRUE">25.971287</northbc>
				<southbc Sync="TRUE">25.139799</southbc>
			</bounding>
			<lboundng><leftbc Sync="TRUE">529493.596923</leftbc><rightbc Sync="TRUE">588939.710273</rightbc><bottombc Sync="TRUE">602511.118596</bottombc><topbc Sync="TRUE">660672.275052</topbc></lboundng></spdom>
		<keywords>
			<theme>
				<themekt>NONE</themekt>
				<themekey>Drainage</themekey>
				<themekey>Basins</themekey>
				<themekey>Hydrology</themekey>
				<themekey>Planning</themekey>
			</theme>
			<place>
				<placekt>NONE</placekt>
				<placekey>Florida</placekey>
				<placekey>Southeast United States</placekey>
				<placekey>Southeast U.S.</placekey>
			</place>
			<temporal>
				<tempkt>NONE</tempkt>
				<tempkey>1997</tempkey>
				<tempkey>1998</tempkey>
				<tempkey>1990s</tempkey>
			</temporal>
		</keywords>
		<accconst>NONE</accconst>
		<useconst>
THE DATA INCLUDED IN THIS APPLICATION ARE BASED ON INTERPRETATION OF AVAILABLE INFORMATION AND SHOULD NOT BE CONSTRUED AS LEGALLY BINDING.

Scale is an important factor in data usage. Certain scale data sets are not suitable for some projects, analysis, or modeling purposes. Please be sure you are using the best available data.

1:24000 scale data sets are recommended for projects that are at the county level. 1:24000 data should NOT be used for high accuracy base mapping such as property parcel boundaries.

1:100000 scale data sets are recommended for projects that are at the multi-county or regional level.  1:250000 scale data sets are recommended for projects that are at the regional or state level or larger.

Vector datasets with no defined scale or accuracy should be considered
suspect. Make sure you are familiar with your data before using it for
projects or analyses. Every effort has been made to supply the user with
data documentation. For additional information, see the References section
and the Data Source Contact section of this documentation. For more
information regarding scale and accuracy, see our web pages at:

http://www.geoplan.ufl.edu/education.html
</useconst>
		<crossref>
			<citeinfo>
				<origin>FLORIDA DEPARTMENT OF ENVIRONMENTAL PROTECTION</origin>
				<pubdate>1997-98</pubdate>
				<title>drainage_basins_1997_areas.zip</title>
				<geoform>Map</geoform>
			</citeinfo>
		</crossref>
		<natvform Sync="TRUE">Shapefile</natvform><ptcontac><cntinfo><cntemail>Web site: http://www.fgdl.org</cntemail><cntemail>Technical Support: http://www.fgdl.org/fgdlfeed.html</cntemail><cntemail>FGDL Frequently Asked Questions: http://www.fgdl.org/fgdlfaq.html</cntemail><cntemail>FGDL Mailing Lists: http://www.fgdl.org/fgdl-l.html</cntemail><cntemail>For FGDL Software: http://www.fgdl.org/software.html</cntemail><cntaddr><addrtype>mailing address</addrtype><address>431 Architecture PO Box 115706</address><city>Gainesville</city><state>FL</state><postal>32611-5706</postal></cntaddr><cntorgp><cntorg>Florida Geographic Data Library (FGDL)</cntorg></cntorgp></cntinfo></ptcontac><native>Data was downloaded from the website:
ftp://ftp.dep.state.fl.us/pub/gis/data/
</native></idinfo>
	<dataqual>
		<attracc>
			<attraccr>Relied on the integrity of the attribute information within the original data layer.</attraccr>
		</attracc>
		<logic>Certain node/geometry and topology (GT)-polygon/chain relationships are collected or generated to satisfy topological requirements. Some of these requirements include: chains must begin and end at nodes, chains must connect to each other at nodes, chains do not extend through nodes, left and right GT-polygons are defined for each chain element and are consistent throughout the transfer, and the chains representing the limits of the file (neatline) are free of gaps. The neatline is generated by connecting the four corners of the digital file, as established during initialization of the digital file.  All data outside the enclosed region are ignored and all data crossing these geographically straight lines are clipped at the neatline. (Exception: During the QA/QC process all data is examined and if errors are found and corrections are possible, then data is corrected accordingly.  This process is documented in the Process_Step.)  Data within a specified tolerance of the neatline are snapped to the neatline. Neatline straightening aligns the digitized edges of the digital data with the generated neatline, that is, with the longitude/latitude lines in geographic coordinates.  All internal polygons are tested for closure.  Certain attributes and/or entities, e.g. closure line, convey data quality information.  When information to be encoded in the subfield is known to be not applicable (undefined, not relevant), then the subfield is valued by a string of "9s"; and when the information to be encoded is relevant but unknown (or missing), then the subfield is valued by a string of "9s."</logic>
		<complete>Certain node/geometry and topology (GT)-polygon/chain relationships are collected or generated to satisfy topological requirements. Some of these requirements include: chains must begin and end at nodes, chains must connect to each other at nodes, chains do not extend through nodes, left and right GT-polygons are defined for each chain element and are consistent throughout the transfer, and the chains representing the limits of the file (neatline) are free of gaps. The neatline is generated by connecting the four corners of the digital file, as established during initialization of the digital file.  All data outside the enclosed region are ignored and all data crossing these geographically straight lines are clipped at the neatline. (Exception: During the QA/QC process all data is examined and if errors are found and corrections are possible, then data is corrected accordingly.  This process is documented in the Process_Step.)  Data within a specified tolerance of the neatline are snapped to the neatline. Neatline straightening aligns the digitized edges of the digital data with the generated neatline, that is, with the longitude/latitude lines in geographic coordinates.  All internal polygons are tested for closure.  Certain attributes and/or entities, e.g. closure line, convey data quality information.  When information to be encoded in the subfield is known to be not applicable (undefined, not relevant), then the subfield is valued by a string of "9s"; and when the information to be encoded is relevant but unknown (or missing), then the subfield is valued by a string of "9s."</complete>
		<lineage>
			<srcinfo>
				<srccite>
					<citeinfo>
						<origin>FLORIDA DEPARTMENT OF ENVIRONMENTAL PROTECTION</origin>
						<pubdate>1997-98</pubdate>
						<title>drainage_basins_1997_areas.zip</title>
						<geoform>Map</geoform>
					</citeinfo>
				</srccite>
				<srcscale>24000</srcscale>
				<typesrc>Map</typesrc>
				<srctime>
					<timeinfo>
						<rngdates>
							<begdate>1997</begdate>
							<enddate>1998</enddate>
						</rngdates>
					</timeinfo>
					<srccurr>ground condition</srccurr>
				</srctime>
				<srccitea>FDEP</srccitea>
				<srccontr>Vector data representing the DRAINAGE BASINS.</srccontr>
			</srcinfo>
			<procstep>
				<procdesc>The process step describes, in general, the process used in the production of data sets.
The originating agencies created the original spatial coverage.  GeoPlan, during the QA/QC
process included the following aspects:
(1) Reprojected data to FGDL Albers
(2) Set Precision to DOUBLE
(3) Set Tolerances to FGDL Standards
(4) Added DESCRIPT item based on FEATURE item</procdesc>
				<procdate>2000</procdate>
			</procstep>
		</lineage>
	</dataqual>
	<spref>
		<horizsys>
			<planar>
				<planci>
					<plance Sync="TRUE">coordinate pair</plance>
					<coordrep>
						<absres Sync="TRUE">0.000128</absres>
						<ordres Sync="TRUE">0.000128</ordres>
					</coordrep>
					<plandu Sync="TRUE">meters</plandu>
				</planci>
				<mapproj><mapprojn Sync="TRUE">Albers Conical Equal Area</mapprojn><albers><stdparll Sync="TRUE">24.000000</stdparll><stdparll Sync="TRUE">31.500000</stdparll><longcm Sync="TRUE">-84.000000</longcm><latprjo Sync="TRUE">24.000000</latprjo><feast Sync="TRUE">400000.000000</feast><fnorth Sync="TRUE">0.000000</fnorth></albers></mapproj></planar>
			<geodetic>
				<horizdn Sync="TRUE">D_North_American_1983_HARN</horizdn>
				<ellips Sync="TRUE">Geodetic Reference System 80</ellips>
				<semiaxis Sync="TRUE">6378137.000000</semiaxis>
				<denflat Sync="TRUE">298.257222</denflat>
			</geodetic>
			<cordsysn><geogcsn Sync="TRUE">GCS_North_American_1983_HARN</geogcsn><projcsn Sync="TRUE">Custom</projcsn></cordsysn></horizsys>
	</spref>
	<eainfo>
		<detailed Name="basins01">
			<enttyp>
				<enttypl>basins13</enttypl>
				<enttypd>Database file</enttypd>
				<enttypds>None</enttypds>
				<enttypt Sync="TRUE">Feature Class</enttypt><enttypc Sync="TRUE">98</enttypc></enttyp>
			<attr>
				<attrlabl Sync="TRUE">FID</attrlabl>
				<attrdef Sync="TRUE">Internal feature number.</attrdef>
				<attrdefs Sync="TRUE">ESRI</attrdefs>
				<attrdomv>
					<udom Sync="TRUE">Sequential unique whole numbers that are automatically generated.</udom>
				</attrdomv>
				<attalias Sync="TRUE">FID</attalias><attrtype Sync="TRUE">OID</attrtype><attwidth Sync="TRUE">4</attwidth><atprecis Sync="TRUE">0</atprecis><attscale Sync="TRUE">0</attscale></attr>
			<attr>
				<attrlabl Sync="TRUE">Shape</attrlabl>
				<attrdef>Data attribute inherent to the ESRI shapefile format, which defines the data as a point, polyline, or polygon.</attrdef>
				<attrdefs>FGDL</attrdefs>
				<attrdomv>
					<udom Sync="TRUE">Coordinates defining the features.</udom>
				</attrdomv>
				<attalias Sync="TRUE">Shape</attalias><attrtype Sync="TRUE">Geometry</attrtype><attwidth Sync="TRUE">0</attwidth><atprecis Sync="TRUE">0</atprecis><attscale Sync="TRUE">0</attscale></attr>
			<attr>
				<attrlabl Sync="TRUE">AREA</attrlabl>
				<attrdef>Area of the polygon in meters</attrdef>
				<attrdefs>FGDL</attrdefs>
				<attalias Sync="TRUE">AREA</attalias><attrtype Sync="TRUE">Number</attrtype><attwidth Sync="TRUE">18</attwidth><atnumdec Sync="TRUE">5</atnumdec></attr>
			<attr>
				<attrlabl Sync="TRUE">PERIMETER</attrlabl>
				<attrdef>Perimeter of the polygon in meters</attrdef>
				<attrdefs>FGDL</attrdefs>
				<attalias Sync="TRUE">PERIMETER</attalias><attrtype Sync="TRUE">Number</attrtype><attwidth Sync="TRUE">18</attwidth><atnumdec Sync="TRUE">5</atnumdec></attr>
			<attr>
				<attrlabl Sync="TRUE">BASINS_</attrlabl>
				<attrdef>ArcInfo internal coverage item </attrdef>
				<attrdefs>FGDL</attrdefs>
				<attalias Sync="TRUE">BASINS_</attalias><attrtype Sync="TRUE">Number</attrtype><attwidth Sync="TRUE">11</attwidth></attr>
			<attr>
				<attrlabl Sync="TRUE">BASINS_ID</attrlabl>
				<attrdef>ArcInfo internal coverage item </attrdef>
				<attrdefs>FGDL</attrdefs>
				<attrdomv>
				</attrdomv>
				<attalias Sync="TRUE">BASINS_ID</attalias><attrtype Sync="TRUE">Number</attrtype><attwidth Sync="TRUE">11</attwidth></attr>
			<attr>
				<attrlabl Sync="TRUE">HUC</attrlabl>
				<attrdef>USGS hydrologic unit code; there are eight in the district</attrdef>
				<attrdefs>FDEP</attrdefs>
				<attalias Sync="TRUE">HUC</attalias><attrtype Sync="TRUE">String</attrtype><attwidth Sync="TRUE">8</attwidth></attr>
			<attr>
				<attrlabl Sync="TRUE">EXTHUC</attrlabl>
				<attrdef>Extended HUC code with 8 digits signifying a hydrologic hierarchy: -First two digits denote the primary basin (redefined as item FIRST) -Second two digits denote the secondary basin (SECOND) -Third two digits denote the tertiary basin (THIRD) -Fourth two digits denote the quaternary basin (FOURTH) -Example:  In HUC 03080101, any polygon with EXTHUC cn 10----- or FIRST = 10 is part of the Jane Green Creek watershed -EXTHUC = 99000000 is used for the main water bodies that each HUC is based on, i.e., the main stem of the St. Johns River, Ocklawaha River, Indian River Lagoon, etc. These are more clearly described  by the Planning Unit codes.</attrdef>
				<attrdefs>FDEP</attrdefs>
				<attalias Sync="TRUE">EXTHUC</attalias><attrtype Sync="TRUE">String</attrtype><attwidth Sync="TRUE">8</attwidth></attr>
			<attr>
				<attrlabl Sync="TRUE">BASIN</attrlabl>
				<attrdef>Name (e.g. Sixmile Creek, unnamed canal, Crescent Lake)</attrdef>
				<attrdefs>FDEP</attrdefs>
				<attalias Sync="TRUE">BASIN</attalias><attrtype Sync="TRUE">String</attrtype><attwidth Sync="TRUE">22</attwidth></attr>
			<attr>
				<attrlabl Sync="TRUE">FEATURE</attrlabl>
				<attrdef>Water body type - see below for descriptions</attrdef>
				<attrdefs>FDEP</attrdefs>
				<attalias Sync="TRUE">FEATURE</attalias><attrtype Sync="TRUE">String</attrtype><attwidth Sync="TRUE">6</attwidth></attr>
			<attr>
				<attrlabl Sync="TRUE">PK_BASIN</attrlabl>
				<attrdef>Unique statewide ID</attrdef>
				<attrdefs>FDEP</attrdefs>
				<attalias Sync="TRUE">PK_BASIN</attalias><attrtype Sync="TRUE">Number</attrtype><attwidth Sync="TRUE">6</attwidth></attr>
			<attr><attrlabl Sync="TRUE">UFLAG</attrlabl><attalias Sync="TRUE">UFLAG</attalias><attrtype Sync="TRUE">String</attrtype><attwidth Sync="TRUE">1</attwidth><attrdef>Update flag which indicates if the polygon was revised from the original USGS polygon:</attrdef><attrdefs>FDEP</attrdefs><attrdomv><edom><edomv>A</edomv><edomvd>attribute change only</edomvd></edom><edom><edomv>M</edomv><edomvd>existing arcs were revised (minor modification)</edomvd></edom><edom><edomv>N</edomv><edomvd>arcs were radically revised or basin was subdivided further</edomvd></edom><edom><edomv>U</edomv><edomvd>Attribute change and revised arcs or totally new basin</edomvd></edom></attrdomv></attr><attr><attrlabl Sync="TRUE">HUCINT</attrlabl><attalias Sync="TRUE">HUCINT</attalias><attrtype Sync="TRUE">Number</attrtype><attwidth Sync="TRUE">8</attwidth><attrdef>Item for internal use</attrdef><attrdefs>FDEP</attrdefs></attr><attr><attrlabl Sync="TRUE">HUC1</attrlabl><attalias Sync="TRUE">HUC1</attalias><attrtype Sync="TRUE">Number</attrtype><attwidth Sync="TRUE">10</attwidth><attrdef>Item for internal use</attrdef><attrdefs>FDEP</attrdefs></attr><attr><attrlabl Sync="TRUE">HUC12</attrlabl><attalias Sync="TRUE">HUC12</attalias><attrtype Sync="TRUE">Number</attrtype><attwidth Sync="TRUE">12</attwidth><attrdef>Item for internal use</attrdef><attrdefs>FDEP</attrdefs></attr><attr><attrlabl Sync="TRUE">HUC123</attrlabl><attalias Sync="TRUE">HUC123</attalias><attrtype Sync="TRUE">Number</attrtype><attwidth Sync="TRUE">14</attwidth><attrdef>Item for internal use</attrdef><attrdefs>FDEP</attrdefs></attr><attr><attrlabl Sync="TRUE">HUC1234</attrlabl><attalias Sync="TRUE">HUC1234</attalias><attrtype Sync="TRUE">Number</attrtype><attwidth Sync="TRUE">16</attwidth><attrdef>Item for internal use</attrdef><attrdefs>FDEP</attrdefs></attr></detailed>
	</eainfo>
	<distinfo>
		<distrib>
			<cntinfo>
				<cntperp>
					<cntper>Operator</cntper>
					<cntorg>FLORIDA GEOGRAPHIC DATA LIBRARY</cntorg>
				</cntperp>
				<cntaddr>
					<addrtype>Physical</addrtype>
					<address>
431 Architecture Building
PO Box 115706
</address>
					<city>Gainesville</city>
					<state>Florida</state>
					<postal>32611-5706</postal>
				</cntaddr>
				<cntvoice>(352) 3920997, Operator</cntvoice>
				<cntemail>http://www.fgdl.org/fgdldocs/document/techsupp.htm</cntemail>
				<hours>24 Hours / Day</hours>
				<cntinst>
Please visit the web site, http://www.fgdl.org, for all
questions or concerns.
</cntinst>
			</cntinfo>
		</distrib>
		<distliab>Florida Geographic Data Library is a product of the University of Florida GeoPlan Center with support from the Florida Department of Transportation and the Florida Department of Environmental Protection. THE FGDL DATA AS PROVIDED BY CONTRIBUTING ORGANIZATIONS AND ANY PROGRAMMING SOFTWARE CREATED BY THE UNIVERSITY OF FLORIDA GEOPLAN CENTER (COLLECTIVELY THE "MATERIALS") ARE COPYRIGHTED BY THE UNIVERSITY OF FLORIDA GEOPLAN CENTER FOR THE FGDL CONTRIBUTING AGENCIES AND ORGANIZATIONS (THE "DATA PROVIDERS"). DO NOT REPRODUCE, REDISTRIBUTE OR RESELL THE MATERIALS, OR PROVIDE THE MATERIALS FOR FREE TO CUSTOMERS OR CLIENTS, OR PLACE THE MATERIALS FOR DOWNLOAD ON A WEBSITE. ADDITIONALLY, WHEN USING FGDL DATA OR SOFTWARE IN PROJECTS, MAPS, ETC.; YOU AGREE TO ACKNOWLEDGE THE FGDL AS A DATA SOURCE. THE MATERIALS ARE PROVIDED "AS IS". THE UNIVERSITY OF FLORIDA GEOPLAN CENTER MAKES NO REPRESENTATIONS OR WARRANTIES ABOUT THE QUALITY OR SUITABILITY OF THE MATERIALS, EITHER EXPRESSLY OR IMPLIED, INCLUDING BUT NOT LIMITED TO ANY IMPLIED WARRANTIES OF MERCHANTABILITY, FITNESS FOR A PARTICULAR PURPOSE, OR NON-INFRINGEMENT. THE UNIVERSITY OF FLORIDA GEOPLAN CENTER MAKES NO WARRANTIES, GUARANTIES OR REPRESENTATIONS AS TO THE TRUTH, ACCURACY OR COMPLETENESS OF THE DATA PROVIDED BY THE FGDL CONTRIBUTING ORGANIZATIONS. THE UNIVERSITY OF FLORIDA GEOPLAN CENTER SHALL NOT BE LIABLE FOR ANY DAMAGES SUFFERED AS A RESULT OF USING, MODIFYING, CONTRIBUTING OR DISTRIBUTING THE MATERIALS.</distliab>
		<stdorder><digform><digtinfo/></digform></stdorder></distinfo>
	<metainfo>
		<metd>2001</metd>
		<metc>
			<cntinfo>
				<cntperp>
					<cntper>Operator</cntper>
				</cntperp>
				<cntaddr>
					<addrtype>Physical</addrtype>
					<address>
Florida Department of Environmental Protection
3900 Commonwealth
</address>
					<city>Tallahassee</city>
					<state>FL</state>
					<postal>32399</postal>
				</cntaddr>
				<cntvoice>(850) 488-3701</cntvoice>
			</cntinfo>
		</metc>
		<metstdn Sync="TRUE">FGDC Content Standards for Digital Geospatial Metadata</metstdn>
		<metstdv Sync="TRUE">FGDC-STD-001-1998</metstdv>
		<langmeta Sync="TRUE">en</langmeta><mettc Sync="TRUE">local time</mettc><metextns><onlink Sync="TRUE">http://www.esri.com/metadata/esriprof80.html</onlink><metprof Sync="TRUE">ESRI Metadata Profile</metprof></metextns></metainfo>
	<Esri><MetaID>{A4D9120B-7570-4B2A-BD8B-46D847DF246B}</MetaID><CreaDate>20021023</CreaDate><CreaTime>14371900</CreaTime><SyncOnce>FALSE</SyncOnce><SyncDate>20021023</SyncDate><SyncTime>14591700</SyncTime><ModDate>20021030</ModDate><ModTime>10225300</ModTime></Esri><dataIdInfo><envirDesc Sync="TRUE">Microsoft Windows 2000 Version 5.0 (Build 2195) Service Pack 2; ESRI ArcCatalog 8.2.0.700</envirDesc><dataLang><languageCode Sync="TRUE" value="en"></languageCode></dataLang><idCitation><resTitle Sync="TRUE">basins01</resTitle><presForm><PresFormCd Sync="TRUE" value="005"></PresFormCd></presForm></idCitation><spatRpType><SpatRepTypCd Sync="TRUE" value="001"></SpatRepTypCd></spatRpType><geoBox esriExtentType="native"><westBL Sync="TRUE">529493.596923</westBL><eastBL Sync="TRUE">588939.710273</eastBL><northBL Sync="TRUE">660672.275052</northBL><southBL Sync="TRUE">602511.118596</southBL><exTypeCode Sync="TRUE">1</exTypeCode></geoBox><geoBox esriExtentType="decdegrees"><westBL Sync="TRUE">-82.663217</westBL><eastBL Sync="TRUE">-82.040091</eastBL><northBL Sync="TRUE">29.946724</northBL><southBL Sync="TRUE">29.415755</southBL><exTypeCode Sync="TRUE">1</exTypeCode></geoBox></dataIdInfo><mdLang><languageCode Sync="TRUE" value="en"></languageCode></mdLang><mdStanName Sync="TRUE">ISO 19115 Geographic Information - Metadata</mdStanName><mdStanVer Sync="TRUE">DIS_ESRI1.0</mdStanVer><mdChar><CharSetCd Sync="TRUE" value="004"></CharSetCd></mdChar><mdHrLv><ScopeCd Sync="TRUE" value="005"></ScopeCd></mdHrLv><mdHrLvName Sync="TRUE">dataset</mdHrLvName><distInfo><distributor><distorTran><onLineSrc><orDesc Sync="TRUE">002</orDesc><linkage Sync="TRUE">file://\\Atlas\geo3\finaldata\v3\alachua\basins01.shp</linkage><protocol Sync="TRUE">Local Area Network</protocol></onLineSrc><transSize Sync="TRUE">1.123</transSize></distorTran><distorFormat><formatName Sync="TRUE">Shapefile</formatName></distorFormat></distributor></distInfo><spdoinfo><ptvctinf><esriterm Name="basins01"><efeatyp Sync="TRUE">Simple</efeatyp><efeageom Sync="TRUE">Polygon</efeageom><esritopo Sync="TRUE">FALSE</esritopo><efeacnt Sync="TRUE">98</efeacnt><spindex Sync="TRUE">FALSE</spindex><linrefer Sync="TRUE">FALSE</linrefer></esriterm><sdtsterm Name="basins01"/></ptvctinf></spdoinfo><refSysInfo><RefSystem><refSysID><identCode Sync="TRUE">Custom</identCode></refSysID></RefSystem></refSysInfo><spatRepInfo><VectSpatRep><topLvl><TopoLevCd Sync="TRUE" value="001"></TopoLevCd></topLvl><geometObjs Name="basins01"><geoObjTyp><GeoObjTypCd Sync="TRUE" value="001"></GeoObjTypCd></geoObjTyp><geoObjCnt Sync="TRUE">98</geoObjCnt></geometObjs></VectSpatRep></spatRepInfo><mdDateSt Sync="TRUE">20021030</mdDateSt></metadata>
